album_id,title,artist_id
1,For Those About To Rock We Salute You,1
2,Balls to the Wall,2
3,Restless and Wild,2
4,Let There Be Rock,1
5,Big Ones,3
6,Jagged Little Pill,4
7,Facelift,5
8,Warner 25 Anos,6
9,Plays Metallica By Four Cellos,7
10,Audioslave,8
11,Out Of Exile,8
12,BackBeat Soundtrack,9
13,The Best Of Billy Cobham,10
14,Alcohol Fueled Brewtality Live! Disc 1,11
15,Alcohol Fueled Brewtality Live! Disc 2,11
16,Black Sabbath,12
17,Black Sabbath Vol 4 (Remaster),12
18,Body Count,13
19,Chemical Wedding,14
20,The Best Of Buddy Guy  The Millenium Collection,15
21,Prenda Minha,16
22,Sozinho Remix Ao Vivo,16
23,Minha Historica,17
24,Afrociberdelia,18
25,Da Lama Ao Caos,18
26,Acastico MTV live,19
27,Cidade Negra  Hits,19
28,Na Pista,20
29,AxA Bahia 2001,21
30,BBC Sessions Disc 1 live,22
31,Bongo Fury,23
32,Carnaval 2001,21
33,Chill Brazil (Disc 1),24
34,Chill Brazil (Disc 2),6
35,Garage Inc (Disc 1),50
36,Greatest Hits 2,51
37,Greatest Kiss,52
38,Heart of the Night,53
39,International Superhits,54
40,Into The Light,55
41,Meus Momentos,56
42,Minha Historica,57
43,MK III The Final Concerts Disc 1,58
44,Physical Graffiti Disc 1,22
45,Sambas De Enredo 2001,21
46,Supernatural,59
47,The Best of Ed Motta,37
48,The Essential Miles Davis Disc 1,68
49,The Essential Miles Davis Disc 2,68
50,The Final Concerts (Disc 2),58
51,Up An Atom,69
52,Vinicius De Moraes  Sem Limite,70
53,Vozes do MPB,21
54,Chronicle Vol 1,76
55,Chronicle Vol 2,76
56,Eller  Coleo Sem Limite Disc 2,77
57,Eller  Coleo Sem Limite Disc 1,77
58,Come Taste The Band,58
59,Deep Purple In Rock,58
60,Fireball,58
61,Knocking at Your Back Door ,58
62,Machine Head,58
63,Purpendicular,58
64,Slaves And Masters,58
65,Stormbringer,58
66,The Battle Rages On,58
67,Vault Def Leppards Greatest Hits,78
68,Outbreak,79
69,Djavan Ao Vivo  Vol 02,80
70,Djavan Ao Vivo  Vol 1,80
71,Elis ReginaMinha,41
72,The Cream Of Clapton,81
73,Unplugged,81
74,Album Of The Year,82
75,Angel Dust,82
76,King For A Day Fool For A Lifetime,82
77,The Real Thing,82
78,Deixa Entrar,83
79,In Your Honor Disc 1,84
80,In Your Honor Disc 2,84
81,One By One,84
82,The Colour And The Shape,84
83,My Way The Best Of Frank Sinatra Disc 1,85
84,Roda De Funk,86
85,As CanEles,27
86,Quanta Gente Veio Ver (Live),27
87,Quanta Gente Veio verbonus De Carnaval,27
88,Faceless,87
89,American Idiot,54
90,Appetite for Destruction,88
91,Use Your Illusion I,88
92,Use Your Illusion II,88
93,Blue Moods,89
94,A Matter of Life and Death,90
95,A Real Dead One,90
96,A Real Live One,90
97,Brave New World,90
98,Dance Of Death,90
99,Fear Of The Dark,90
100,Iron Maiden,90
101,Killers,90
102,Live After Death,90
103,Live At Donington 1992 (Disc 1),90
104,Live At Donington 1992 (Disc 2),90
105,No Prayer For The Dying,90
106,Piece Of Mind,90
107,Powerslave,90
108,Rock In Rio cd1,90
109,Rock In Rio cd2,90
110,Seventh Son of a Seventh Son,90
111,Somewhere in Time,90
112,The Number of The Beast,90
113,The X Factor,90
114,Virtual 11,90
115,Sex Machine,91
116,Emergency On Planet Earth,92
117,Synkronized,92
118,The Return Of The Space Cowboy,92
119,Get Born,93
120,Are You Experienced,94
121,Surfing with the Alien (Remastered),95
122,Jorge Ben Jor 25 Anos,46
123,Jota Quest1995,96
124,Cafezinho,97
125,Living After Midnight,98
126,Unplugged live,52
127,BBC Sessions Disc 2 live,22
128,Coda,22
129,Houses Of The Holy,22
130,In Through The Out Door,22
131,fourth,22
132,Led Zeppelin I,22
133,Led Zeppelin II,22
134,Led Zeppelin III,22
135,Physical Graffiti Disc 2,22
136,Presence,22
137,The Song Remains The Same (Disc 1),22
138,The Song Remains The Same (Disc 2),22
139,A TempestadeTempestade Ou O Livro Dos Dias,99
140,Mais Do Mesmo,99
141,Greatest Hits,100
142,Lulu Santos  RCA 100 Anos De Album 01,101
143,Lulu Santos  RCA 100 Anos De Album 02,101
144,Misplaced Childhood,102
145,Barulhinho Bom,103
146,Seek And Shall Find More Of The Best (19631981),104
147,The Best Of Men At Work,105
148,Black Album,50
149,Garage Inc (Disc 2),50
150,Kill Em All,50
151,Load,50
152,Master Of Puppets,50
153,ReLoad,50
154,Ride The Lightning,50
155,St Anger,50
156,And Justice For All,50
157,Miles Ahead,68
158,Milton Nascimento Ao Vivo,42
159,Minas,42
160,Ace Of Spades,106
161,Demorou,108
162,Motley Crue Greatest Hits,109
163,From The Muddy Banks Of The Wishkah live,110
164,Nevermind,110
165,Compositores,111
166,Olodum,112
167,Acastico MTV,113
168,Arquivo II,113
169,Arquivo Os Paralamas Do Sucesso,113
170,Bark at the Moon (Remastered),114
171,Blizzard of Ozz,114
172,Diary of a Madman (Remastered),114
173,No More Tears (Remastered),114
174,Tribute,114
175,Walking Into Clarksdale,115
176,Original Soundtracks 1,116
177,The Beast Live,117
178,Live On Two Legs live,118
179,Pearl Jam,118
180,Riot Act,118
181,Ten,118
182,Vs,118
183,Dark Side Of The Moon,120
184,Os Ladram Mas A Caravana,121
185,Greatest Hits 1,51
186,News Of The World,51
187,Out Of Time,122
188,Green,124
189,New Adventures In HiFi,124
190,The Best Of REM The IRS Years,124
191,Cesta Basic,125
192,Raul Seixas,126
193,Blood Sugar Sex Magik,127
194,By The Way,127
195,Californication,127
196,Retrospective 1 (19741980),128
197,Santana  As Years Go By,59
198,Santana Live,59
199,Maquinarama,130
200,O Samba Pocona,130
201,Judas 0 BSides and Rarities,131
202,Rotten Apples Greatest Hits,131
203,Aides,132
204,Morning Dance,53
205,In Step,133
206,Core,134
207,Mezmerize,135
208,Black Light Syndrome,136
209,Live Disc 1,137
210,Live Disc 2,137
211,The Singles,138
212,Beyond Good And Evil,139
213,Pure Cult The Best Of The Cult,139
214,The Doors,140
215,The Police Greatest Hits,141
216,Hot Rocks 19641971 (Disc 1),142
217,No Security,142
218,Voodoo Lounge,142
219,Tangents,143
220,Transmission,143
221,My Generation  The Very Best Of The Who,144
222,Serie Sem Limite (Disc 1),145
223,Serie Sem Limite (Disc 2),145
224,Acastico,146
225,Volume Dois,146
226,Battlestar Galactica The Story So Far,147
227,Battlestar Galactica Season 3,147
228,Heroes Season 1,148
229,Lost Season 3,149
230,Lost Season 1,149
231,Lost Season 2,149
232,Achtung Baby,150
233,All That You Cant Leave Behind,150
234,BSides 19801990,150
235,How To Dismantle An Atomic Bomb,150
236,Pop,150
237,Rattle And Hum,150
238,The Best Of 19801990,150
239,War,150
240,Zooropa,150
241,UB40 The Best Of  Volume Two uk,151
242,Diver Down,152
243,The Best Of Van Halen Vol I,152
244,Van Halen,152
245,Van Halen III,152
246,Contraband,153
247,Vinicius De Moraes,72
248,Ao Vivo import,155
249,The Office Season 1,156
250,The Office Season 2,156
251,The Office Season 3,156
252,UnLedEd,157
253,Battlestar Galactica (Classic) Season 1,158
254,Aquaman,159
255,Instant Karma The Amnesty Campaign,150
256,Speak of the Devil,114
257,20th Century Masters  The Millennium Collection,179
258,House of Pain,180
259,Radio Brasil Seleccao de Henrique Amaro,36
260,Cake BSides and Rarities,196
261,LOST Season 4,149
262,Quiet Songs,197
263,Muso Ko,198
264,Realize,199
265,Every Kind of Light,200
266,Duos II,201
267,Worlds,202
268,The Best of Beethoven,203
269,Temple of the Dog,204
270,Carry On,205
271,Revelations,8
272,Adorate Deum Gregorian Chant Hari,206
273,Allegri Miserere,207
274,Pachelbel Canon & Gigue,208
275,Vivaldi The Four Seasons,209
276,Bach Violin Concertos,210
277,Bach Goldberg Variations,211
278,Bach The Cello Suites,212
279,Handel The Messiah (Highlights),213
280,The World of Classical Favourites,214
281,Sir Neville Marriner A Celebration,215
282,Mozart Wind Concertos,216
283,Haydn Symphonies 99  104,217
284,Beethoven Symhonies Nos 5 & 6,218
285,A Soprano Inspired,219
286,Great Opera Choruses,220
287,Wagner Favourite Overtures,221
288,requiem Ravel Pavane & Others,222
289,Tchaikovsky The Nutcracker,223
290,The Last Night of the Proms,224
291,Puccini Madama Butterfly  Highlights,225
292,Holst The Planets Op 32 & Vaughan Williams,226
293,Pavarottis Opera Made Easy,227
294,Great Performances  Barbers Adagio,228
295,Carmina Burana,229
296,A Copland Celebration Vol I,230
297,Bach Toccata & Fugue in D Minor,231
298,Prokofiev Symphony No1,232
299,Scheherazade,233
300,Bach The Brandenburg Concertos,234
301,Chopin Piano Concertos Nos 1 & 2,235
302,Mascagni Cavalleria Rusticana,236
303,Sibelius Finlandia,237
304,Beethoven Piano Sonatas Moonlight & Pastorale,238
305,Great Recordings of the Century,240
306,Elgar Cello Concerto & Vaughan Williams Fantasias,241
307,Adams John The Chairman Dances,242
308,Tchaikovsky 1812 Festival Overture Victory,243
309,Palestrina Missa Papae Marcelli & Allegri Miserere,244
310,Prokofiev Romeo & Juliet,245
311,Strauss Waltzes,226
312,Berlioz Symphonie Fantastique,245
313,Bizet Carmen Highlights,246
314,English Renaissance,247
315,Handel Music for the Royal Fireworks,208
316,Grieg Peer Gynt Suites & Sibelius,248
317,Mozart Gala Famous Arias,249
318,SCRIABIN Vers la flamme,250
319,Armada Music from the Courts of England and Spain,251
320,Mozart Symphonies Nos 40 & 41,248
321,Back to Black,252
322,Frank,252
323,Carried to Dust (Bonus Track Version),253
324,Beethoven Symphony No 6 Pastoral Etc,254
325,Bartok Violin & Viola Concertos,255
326,Mendelssohn A Midsummer Nights Dream,256
327,Bach Orchestral Suites Nos 1 to 4,257
328,Charpentier Divertissements Airs & Concerts,258
329,South American Getaway,259
330,GArecki Symphony No 3,260
331,Purcell The Fairy Queen,261
332,The Ultimate Relexation Album,262
333,Purcell Music for the Queen Mary,263
334,Weill The Seven Deadly Sins,264
335,JS Bach Chaconne Suite in E Minor Partita in E Major,265
336,Prokofiev Symphony No5 & Stravinksy,248
337,Szymanowski Piano Works Vol 1,266
338,Nielsen The Six Symphonies,267
339,Great Recordings of the Century Paganinis,268
340,Liszt  12Atitudes DExecution Transcendante,269
341,Great Recordings of the Century,270
342,Locatelli Concertos for Violin Strings Vol 3,271
343,RespighiPines of Rome,226
344,Schubert The Late String Quartets & String Quintet,272
345,Monteverdi LOrfeo,273
346,Mozart Chamber Music,274
347,Koyaanisqatsi,275
